direction,baseline,metric,n_finetuned,n_baseline,ft_cosine_mean,baseline_cosine_mean,cosine_improvement_pct,cosine_U,cosine_p,cosine_cliff_delta,cosine_effect_size,ft_bleu_mean,baseline_bleu_mean,bleu_improvement_pct,bleu_U,bleu_p,bleu_cliff_delta,bleu_effect_size,bonferroni_alpha,rq,cosine_bonferroni_significant,bleu_bonferroni_significant
travis_to_gha,zero-shot,both,150,153,0.8962,0.6590196078431373,35.98988396310621,21884.0,9.458085830739665e-43,0.9013507625272331,large,0.7420666666666667,0.44496732026143787,66.76880141010577,20062.0,9.983495308221717e-30,0.741525054466231,large,0.004166666666666667,RQ2,True,True
travis_to_gha,few-shot,both,150,153,0.8962,0.7445098039215686,20.374506189096657,19969.5,3.8125248219778054e-29,0.7257516339869281,large,0.7420666666666667,0.5158823529411766,43.84416571645759,18421.5,4.0778412602144577e-20,0.5958169934640523,large,0.004166666666666667,RQ2,True,True
travis_to_gha,cimig,both,150,251,0.8962,0.4918725099601594,82.20168475619633,37449.5,4.280338802698143e-62,0.988738379814077,large,0.7420666666666667,0.18760956175298807,295.53776456430944,36582.5,1.2484355547682527e-56,0.9414077025232404,large,0.004166666666666667,RQ2,True,True
gha_to_travis,zero-shot,both,150,153,0.7602,0.3647712418300654,108.40458699157855,20947.5,9.702503446477281e-36,0.821437908496732,large,0.6532666666666668,0.25673202614379087,154.45468431771897,20692.0,6.066442870774907e-34,0.7986928104575164,large,0.004166666666666667,RQ2,True,True
gha_to_travis,few-shot,both,150,153,0.7602,0.4858169934640524,56.47867617381942,19401.0,1.2980471453128795e-25,0.6837472766884531,large,0.6532666666666668,0.3611764705882353,80.87187839305105,19237.5,1.2078271911041555e-24,0.6698910675381263,large,0.004166666666666667,RQ2,True,True
gha_to_travis,cimig,both,150,251,0.7602,0.3488047808764941,117.94426042261561,35336.0,3.0660009069732483e-49,0.8739973439575033,large,0.6532666666666668,0.1447808764940239,351.21060355898004,36070.0,1.547207473479493e-53,0.9133067729083665,large,0.004166666666666667,RQ2,True,True
